{
	"point": {
		"1": {
			"log": [
				"[22:27:13 | 16:04:2019 | Pay] Выдал [ID: 7] игроку [ID: 1] -> 100000$\n",
				"[18:14:24 | 27:05:2019 | Pay] Выдал [ID: 1] игроку [ID: 2] -> 1111$\n",
				"[18:16:51 | 27:05:2019 | Pay] Выдал [ID: 2] игроку [ID: 1] -> 1043$\n"
			]
		},
		"2": {
			"log": [
				"[18:14:24 | 27:05:2019 | Pay] Выдал [ID: 1] игроку [ID: 2] -> 1111$\n",
				"[18:16:51 | 27:05:2019 | Pay] Выдал [ID: 2] игроку [ID: 1] -> 1043$\n"
			]
		},
		"5": {
			"log": [
				"[21:04:05 | 13:04:2019 | Pay] Выдал [ID: 14] игроку [ID: 5] -> 100000000$\n"
			]
		},
		"6": {
			"log": [
				"[07:35:26 | 11:04:2019 | Pay] Выдал [ID: 14] игроку [ID: 6] -> 100000000$\n",
				"[12:53:55 | 11:04:2019 | Pay] Выдал [ID: 14] игроку [ID: 6] -> 100000000$\n",
				"[13:11:26 | 11:04:2019 | Pay] Выдал [ID: 14] игроку [ID: 6] -> 100000000$\n",
				"[13:17:51 | 11:04:2019 | Pay] Выдал [ID: 14] игроку [ID: 6] -> 100000000$\n",
				"[16:07:13 | 11:04:2019 | Pay] Выдал [ID: 14] игроку [ID: 6] -> 100000000$\n"
			]
		},
		"7": {
			"log": [
				"[22:27:13 | 16:04:2019 | Pay] Выдал [ID: 7] игроку [ID: 1] -> 100000$\n"
			]
		},
		"10": {
			"log": [
				"[16:52:13 | 11:04:2019 | Pay] Выдал [ID: 10] игроку [ID: 39] -> 5837262515158426$\n",
				"[11:25:16 | 14:04:2019 | Pay] Выдал [ID: 10] игроку [ID: 39] -> 58473762255141$\n"
			]
		},
		"14": {
			"log": [
				"[06:25:35 | 11:04:2019 | Pay] Выдал [ID: 14] игроку [ID: 30] -> 100000000$\n",
				"[07:35:26 | 11:04:2019 | Pay] Выдал [ID: 14] игроку [ID: 6] -> 100000000$\n",
				"[11:13:49 | 11:04:2019 | Pay] Выдал [ID: 14] игроку [ID: 30] -> 100000000$\n",
				"[11:16:22 | 11:04:2019 | Pay] Выдал [ID: 30] игроку [ID: 14] -> 90000000$\n",
				"[12:06:43 | 11:04:2019 | Pay] Выдал [ID: 14] игроку [ID: 29] -> 100000000$\n",
				"[12:53:55 | 11:04:2019 | Pay] Выдал [ID: 14] игроку [ID: 6] -> 100000000$\n",
				"[13:11:26 | 11:04:2019 | Pay] Выдал [ID: 14] игроку [ID: 6] -> 100000000$\n",
				"[13:17:51 | 11:04:2019 | Pay] Выдал [ID: 14] игроку [ID: 6] -> 100000000$\n",
				"[16:07:13 | 11:04:2019 | Pay] Выдал [ID: 14] игроку [ID: 6] -> 100000000$\n",
				"[21:04:05 | 13:04:2019 | Pay] Выдал [ID: 14] игроку [ID: 5] -> 100000000$\n"
			]
		},
		"29": {
			"log": [
				"[12:06:43 | 11:04:2019 | Pay] Выдал [ID: 14] игроку [ID: 29] -> 100000000$\n"
			]
		},
		"30": {
			"log": [
				"[06:25:35 | 11:04:2019 | Pay] Выдал [ID: 14] игроку [ID: 30] -> 100000000$\n",
				"[11:13:49 | 11:04:2019 | Pay] Выдал [ID: 14] игроку [ID: 30] -> 100000000$\n",
				"[11:16:22 | 11:04:2019 | Pay] Выдал [ID: 30] игроку [ID: 14] -> 90000000$\n"
			]
		},
		"31": {
			"log": [
				"[15:16:19 | 14:04:2019 | Pay] Выдал [ID: 31] игроку [ID: 57] -> 1000000000$\n"
			]
		},
		"39": {
			"log": [
				"[16:52:13 | 11:04:2019 | Pay] Выдал [ID: 10] игроку [ID: 39] -> 5837262515158426$\n",
				"[11:25:16 | 14:04:2019 | Pay] Выдал [ID: 10] игроку [ID: 39] -> 58473762255141$\n"
			]
		},
		"57": {
			"log": [
				"[15:16:19 | 14:04:2019 | Pay] Выдал [ID: 31] игроку [ID: 57] -> 1000000000$\n"
			]
		}
	},
	"warns": {},
	"remove": {
		"1": {
			"log": [
				"[00:11:00 | 11:04:2019 | Remove] Забрал [ID: 1] у игрока [ID: 1] \n",
				"[00:11:00 | 11:04:2019 | Remove] Забрал [ID: 1] у игрока [ID: 1] \n",
				"[17:16:57 | 11:04:2019 | Remove] Забрал [ID: 1] у игрока [ID: 6] \n",
				"[09:23:16 | 12:04:2019 | Remove] Забрал [ID: 1] у игрока [ID: 25] \n",
				"[11:50:03 | 13:04:2019 | Remove] Забрал [ID: 1] у игрока [ID: 22] \n",
				"[20:22:37 | 13:04:2019 | Remove] Забрал [ID: 1] у игрока [ID: 1] \n",
				"[20:22:37 | 13:04:2019 | Remove] Забрал [ID: 1] у игрока [ID: 1] \n",
				"[12:02:33 | 14:04:2019 | Remove] Забрал [ID: 1] у игрока [ID: 22] \n",
				"[18:48:32 | 14:04:2019 | Remove] Забрал [ID: 1] у игрока [ID: 22] \n"
			]
		},
		"6": {
			"log": [
				"[17:16:57 | 11:04:2019 | Remove] Забрал [ID: 1] у игрока [ID: 6] \n"
			]
		},
		"8": {
			"log": [
				"[20:07:22 | 13:04:2019 | Remove] Забрал [ID: 25] у игрока [ID: 8] \n"
			]
		},
		"14": {
			"log": [
				"[11:02:34 | 11:04:2019 | Remove] Забрал [ID: 25] у игрока [ID: 14] \n",
				"[19:54:04 | 13:04:2019 | Remove] Забрал [ID: 25] у игрока [ID: 14] \n"
			]
		},
		"22": {
			"log": [
				"[11:50:03 | 13:04:2019 | Remove] Забрал [ID: 1] у игрока [ID: 22] \n",
				"[12:02:33 | 14:04:2019 | Remove] Забрал [ID: 1] у игрока [ID: 22] \n",
				"[16:04:13 | 14:04:2019 | Remove] Забрал [ID: 25] у игрока [ID: 22] \n",
				"[18:48:32 | 14:04:2019 | Remove] Забрал [ID: 1] у игрока [ID: 22] \n"
			]
		},
		"25": {
			"log": [
				"[21:20:56 | 10:04:2019 | Remove] Забрал [ID: 25] у игрока [ID: 25] \n",
				"[21:20:56 | 10:04:2019 | Remove] Забрал [ID: 25] у игрока [ID: 25] \n",
				"[11:02:34 | 11:04:2019 | Remove] Забрал [ID: 25] у игрока [ID: 14] \n",
				"[09:23:16 | 12:04:2019 | Remove] Забрал [ID: 1] у игрока [ID: 25] \n",
				"[13:36:29 | 12:04:2019 | Remove] Забрал [ID: 25] у игрока [ID: 25] \n",
				"[13:36:29 | 12:04:2019 | Remove] Забрал [ID: 25] у игрока [ID: 25] \n",
				"[19:54:04 | 13:04:2019 | Remove] Забрал [ID: 25] у игрока [ID: 14] \n",
				"[20:07:22 | 13:04:2019 | Remove] Забрал [ID: 25] у игрока [ID: 8] \n",
				"[16:04:13 | 14:04:2019 | Remove] Забрал [ID: 25] у игрока [ID: 22] \n"
			]
		}
	},
	"give": {
		"1": {
			"log": [
				"[23:59:19 | 10:04:2019 | Give] Выдал [ID: 1] игроку [ID: 1] -> 100000000$\n",
				"[00:12:05 | 11:04:2019 | Give] Выдал [ID: 1] игроку [ID: 21] -> 200000000$\n",
				"[07:38:54 | 11:04:2019 | Give] Выдал [ID: 1] игроку [ID: 12] -> 200000000$\n",
				"[14:46:39 | 11:04:2019 | Give] Выдал [ID: 1] игроку [ID: 25] -> 1000000000000$\n",
				"[15:45:38 | 11:04:2019 | Give] Выдал [ID: 1] игроку [ID: 1] -> 10000000000$\n",
				"[15:45:38 | 11:04:2019 | Give] Выдал [ID: 1] игроку [ID: 1] -> 100000$\n",
				"[17:17:05 | 11:04:2019 | Give] Выдал [ID: 1] игроку [ID: 6] -> 699800000$\n",
				"[11:50:08 | 13:04:2019 | Give] Выдал [ID: 1] игроку [ID: 22] -> 100000000$\n",
				"[20:34:15 | 13:04:2019 | Give] Выдал [ID: 1] игроку [ID: 1] -> 1000000$\n",
				"[20:34:15 | 13:04:2019 | Give] Выдал [ID: 1] игроку [ID: 1] -> 10000000$\n",
				"[12:02:39 | 14:04:2019 | Give] Выдал [ID: 1] игроку [ID: 22] -> 150000$\n",
				"[18:48:39 | 14:04:2019 | Give] Выдал [ID: 1] игроку [ID: 22] -> 15000000000$\n",
				"[23:37:58 | 14:04:2019 | Give] Выдал [ID: 1] игроку [ID: 26] -> 200000000$\n",
				"[23:38:23 | 14:04:2019 | Give] Выдал [ID: 1] игроку [ID: 46] -> 200000000$\n"
			]
		},
		"2": {
			"log": [
				"[23:02:17 | 10:04:2019 | Give] Выдал [ID: 2] игроку [ID: 2] -> 5000\n"
			]
		},
		"4": {
			"log": [
				"[13:13:59 | 17:04:2019 | Give] Выдал [ID: 2] игроку [ID: 4] -> 50000000$\n",
				"[13:14:27 | 17:04:2019 | Give] Выдал [ID: 2] игроку [ID: 4] -> 5000000$\n"
			]
		},
		"6": {
			"log": [
				"[17:17:05 | 11:04:2019 | Give] Выдал [ID: 1] игроку [ID: 6] -> 699800000$\n"
			]
		},
		"8": {
			"log": [
				"[20:07:29 | 13:04:2019 | Give] Выдал [ID: 25] игроку [ID: 8] -> 520910381456$\n",
				"[15:42:45 | 14:04:2019 | Give] Выдал [ID: 2] игроку [ID: 8] -> 520910381456$\n",
				"[15:51:18 | 14:04:2019 | Give] Выдал [ID: 2] игроку [ID: 8] -> 520910381456$\n"
			]
		},
		"10": {
			"log": [
				"[15:19:29 | 11:04:2019 | Give] Выдал [ID: 10] игроку [ID: 10] -> 45480$\n",
				"[15:19:29 | 11:04:2019 | Give] Выдал [ID: 10] игроку [ID: 10] -> 4548$\n",
				"[15:20:16 | 11:04:2019 | Give] Выдал [ID: 10] игроку [ID: 10] -> 12640$\n",
				"[15:20:16 | 11:04:2019 | Give] Выдал [ID: 10] игроку [ID: 10] -> 12640$\n",
				"[16:53:22 | 11:04:2019 | Give] Выдал [ID: 10] игроку [ID: 10] -> 1264370$\n",
				"[16:53:22 | 11:04:2019 | Give] Выдал [ID: 10] игроку [ID: 10] -> 12643796780000$\n",
				"[17:01:06 | 11:04:2019 | Give] Выдал [ID: 10] игроку [ID: 10] -> 587$\n",
				"[17:01:06 | 11:04:2019 | Give] Выдал [ID: 10] игроку [ID: 10] -> 584873747$\n",
				"[12:41:06 | 13:04:2019 | Give] Выдал [ID: 10] игроку [ID: 10] -> 5848737726$\n",
				"[12:41:06 | 13:04:2019 | Give] Выдал [ID: 10] игроку [ID: 10] -> 584873726$\n",
				"[11:22:17 | 14:04:2019 | Give] Выдал [ID: 10] игроку [ID: 10] -> 8474731615$\n",
				"[11:22:17 | 14:04:2019 | Give] Выдал [ID: 10] игроку [ID: 10] -> 84747372621615$\n",
				"[11:11:28 | 17:04:2019 | Give] Выдал [ID: 10] игроку [ID: 10] -> 48482726$\n",
				"[11:11:28 | 17:04:2019 | Give] Выдал [ID: 10] игроку [ID: 10] -> 4846$\n"
			]
		},
		"12": {
			"log": [
				"[07:38:54 | 11:04:2019 | Give] Выдал [ID: 1] игроку [ID: 12] -> 200000000$\n"
			]
		},
		"14": {
			"log": [
				"[11:03:07 | 11:04:2019 | Give] Выдал [ID: 25] игроку [ID: 14] -> 500000000000$\n",
				"[19:54:12 | 13:04:2019 | Give] Выдал [ID: 25] игроку [ID: 14] -> 524$\n",
				"[19:54:35 | 13:04:2019 | Give] Выдал [ID: 25] игроку [ID: 14] -> 524$\n"
			]
		},
		"18": {
			"log": [
				"[21:07:39 | 10:04:2019 | Give] Выдал [ID: 18] игроку [ID: 18] -> 999999$\n",
				"[21:07:39 | 10:04:2019 | Give] Выдал [ID: 18] игроку [ID: 18] -> 9999999999$\n",
				"[14:28:37 | 18:04:2019 | Give] Выдал [ID: 18] игроку [ID: 18] -> 939393$\n",
				"[14:28:37 | 18:04:2019 | Give] Выдал [ID: 18] игроку [ID: 18] -> 9393393$\n"
			]
		},
		"21": {
			"log": [
				"[00:12:05 | 11:04:2019 | Give] Выдал [ID: 1] игроку [ID: 21] -> 200000000$\n"
			]
		},
		"22": {
			"log": [
				"[11:50:08 | 13:04:2019 | Give] Выдал [ID: 1] игроку [ID: 22] -> 100000000$\n",
				"[12:02:39 | 14:04:2019 | Give] Выдал [ID: 1] игроку [ID: 22] -> 15000000000$\n",
				"[16:06:45 | 14:04:2019 | Give] Выдал [ID: 25] игроку [ID: 22] -> 15000000000$\n",
				"[18:48:39 | 14:04:2019 | Give] Выдал [ID: 1] игроку [ID: 22] -> 15000000000$\n"
			]
		},
		"25": {
			"log": [
				"[21:19:59 | 10:04:2019 | Give] Выдал [ID: 25] игроку [ID: 25] -> 1$\n",
				"[21:19:59 | 10:04:2019 | Give] Выдал [ID: 25] игроку [ID: 25] -> 1$\n",
				"[21:21:17 | 10:04:2019 | Give] Выдал [ID: 25] игроку [ID: 25] -> 3000000$\n",
				"[21:21:17 | 10:04:2019 | Give] Выдал [ID: 25] игроку [ID: 25] -> 3000000$\n",
				"[11:03:07 | 11:04:2019 | Give] Выдал [ID: 25] игроку [ID: 14] -> 500000000000$\n",
				"[13:02:33 | 11:04:2019 | Give] Выдал [ID: 25] игроку [ID: 25] -> 1$\n",
				"[13:02:33 | 11:04:2019 | Give] Выдал [ID: 25] игроку [ID: 25] -> 1$\n",
				"[13:02:42 | 11:04:2019 | Give] Выдал [ID: 25] игроку [ID: 25] -> 500000$\n",
				"[13:02:42 | 11:04:2019 | Give] Выдал [ID: 25] игроку [ID: 25] -> 500000$\n",
				"[14:46:39 | 11:04:2019 | Give] Выдал [ID: 1] игроку [ID: 25] -> 1000000000000$\n",
				"[19:54:12 | 13:04:2019 | Give] Выдал [ID: 25] игроку [ID: 14] -> 524$\n",
				"[19:54:35 | 13:04:2019 | Give] Выдал [ID: 25] игроку [ID: 14] -> 52424200$\n",
				"[20:07:29 | 13:04:2019 | Give] Выдал [ID: 25] игроку [ID: 8] -> 520910381456$\n",
				"[16:06:45 | 14:04:2019 | Give] Выдал [ID: 25] игроку [ID: 22] -> 15000000000$\n"
			]
		},
		"26": {
			"log": [
				"[23:37:58 | 14:04:2019 | Give] Выдал [ID: 1] игроку [ID: 26] -> 200000000$\n"
			]
		},
		"31": {
			"log": [
				"[22:21:37 | 10:04:2019 | Give] Выдал [ID: 31] игроку [ID: 31] -> 20000$\n",
				"[22:21:37 | 10:04:2019 | Give] Выдал [ID: 31] игроку [ID: 31] -> 20000$\n",
				"[22:24:05 | 10:04:2019 | Give] Выдал [ID: 31] игроку [ID: 31] -> 20000000000000000000$\n",
				"[22:24:05 | 10:04:2019 | Give] Выдал [ID: 31] игроку [ID: 31] -> 200$\n",
				"[22:25:35 | 10:04:2019 | Give] Выдал [ID: 31] игроку [ID: 31] -> 20000000$\n",
				"[22:25:35 | 10:04:2019 | Give] Выдал [ID: 31] игроку [ID: 31] -> 20000000$\n",
				"[22:41:49 | 10:04:2019 | Give] Выдал [ID: 31] игроку [ID: 31] -> 100000$\n",
				"[22:41:49 | 10:04:2019 | Give] Выдал [ID: 31] игроку [ID: 31] -> 100000$\n",
				"[23:09:15 | 10:04:2019 | Give] Выдал [ID: 2] игроку [ID: 31] -> 1700000$\n",
				"[23:12:42 | 10:04:2019 | Give] Выдал [ID: 2] игроку [ID: 31] -> 1700000$\n",
				"[14:42:12 | 14:04:2019 | Give] Выдал [ID: 31] игроку [ID: 31] -> 1000000000000$\n",
				"[14:42:12 | 14:04:2019 | Give] Выдал [ID: 31] игроку [ID: 31] -> 1000000000000$\n"
			]
		},
		"46": {
			"log": [
				"[23:38:23 | 14:04:2019 | Give] Выдал [ID: 1] игроку [ID: 46] -> 200000000$\n"
			]
		}
	},
	"admin": {
		"1": {
			"log": [
				"[19:06:56 | 10:04:2019 | Admin] Выдал [ID: 1] игроку [ID: 11] -> 5 lvl\n",
				"[19:07:38 | 10:04:2019 | Admin] Выдал [ID: 1] игроку [ID: 12] -> 6 lvl\n",
				"[19:08:02 | 10:04:2019 | Admin] Выдал [ID: 1] игроку [ID: 12] -> 0 lvl\n",
				"[19:08:13 | 10:04:2019 | Admin] Выдал [ID: 1] игроку [ID: 18] -> 6 lvl\n",
				"[19:22:51 | 10:04:2019 | Admin] Выдал [ID: 1] игроку [ID: 3] -> 7 lvl\n",
				"[19:44:15 | 10:04:2019 | Admin] Выдал [ID: 1] игроку [ID: 24] -> 4 lvl\n",
				"[20:20:10 | 10:04:2019 | Admin] Выдал [ID: 1] игроку [ID: 25] -> 7 lvl\n",
				"[20:48:56 | 10:04:2019 | Admin] Выдал [ID: 1] игроку [ID: 25] -> 6 lvl\n",
				"[22:13:04 | 10:04:2019 | Admin] Выдал [ID: 1] игроку [ID: 31] -> 7 lvl\n",
				"[15:44:49 | 11:04:2019 | Admin] Выдал [ID: 1] игроку [ID: 37] -> 4 lvl\n",
				"[15:48:15 | 11:04:2019 | Admin] Выдал [ID: 1] игроку [ID: 37] -> 4 lvl\n",
				"[14:59:41 | 12:04:2019 | Admin] Выдал [ID: 1] игроку [ID: 52] -> 5 lvl\n",
				"[22:41:31 | 16:04:2019 | Admin] Выдал [ID: 1] игроку [ID: 1] -> 4 lvl\n",
				"[22:41:31 | 16:04:2019 | Admin] Выдал [ID: 1] игроку [ID: 1] -> 4 lvl\n"
			]
		},
		"2": {
			"log": [
				"[18:09:59 | 10:04:2019 | Admin] Выдал [ID: 1] игроку [ID: 2] -> 7 lvl\n"
			]
		},
		"3": {
			"log": [
				"[19:22:51 | 10:04:2019 | Admin] Выдал [ID: 1] игроку [ID: 3] -> 7 lvl\n"
			]
		},
		"10": {
			"log": [
				"[18:10:11 | 10:04:2019 | Admin] Выдал [ID: 1] игроку [ID: 10] -> 5 lvl\n"
			]
		},
		"11": {
			"log": [
				"[19:06:56 | 10:04:2019 | Admin] Выдал [ID: 1] игроку [ID: 11] -> 5 lvl\n"
			]
		},
		"12": {
			"log": [
				"[19:07:38 | 10:04:2019 | Admin] Выдал [ID: 1] игроку [ID: 12] -> 6 lvl\n",
				"[19:08:02 | 10:04:2019 | Admin] Выдал [ID: 1] игроку [ID: 12] -> 0 lvl\n"
			]
		},
		"17": {
			"log": [
				"[23:11:50 | 16:04:2019 | Admin] Выдал [ID: 18] игроку [ID: 17] -> 3 lvl\n",
				"[18:13:44 | 18:04:2019 | Admin] Выдал [ID: 18] игроку [ID: 17] -> 0 lvl\n"
			]
		},
		"18": {
			"log": [
				"[19:08:13 | 10:04:2019 | Admin] Выдал [ID: 1] игроку [ID: 18] -> 6 lvl\n",
				"[23:11:50 | 16:04:2019 | Admin] Выдал [ID: 18] игроку [ID: 17] -> 3 lvl\n",
				"[18:13:44 | 18:04:2019 | Admin] Выдал [ID: 18] игроку [ID: 17] -> 0 lvl\n"
			]
		},
		"24": {
			"log": [
				"[19:44:15 | 10:04:2019 | Admin] Выдал [ID: 1] игроку [ID: 24] -> 4 lvl\n"
			]
		},
		"25": {
			"log": [
				"[20:20:10 | 10:04:2019 | Admin] Выдал [ID: 1] игроку [ID: 25] -> 7 lvl\n",
				"[20:48:56 | 10:04:2019 | Admin] Выдал [ID: 1] игроку [ID: 25] -> 6 lvl\n"
			]
		},
		"31": {
			"log": [
				"[22:13:04 | 10:04:2019 | Admin] Выдал [ID: 1] игроку [ID: 31] -> 7 lvl\n"
			]
		},
		"37": {
			"log": [
				"[15:44:49 | 11:04:2019 | Admin] Выдал [ID: 1] игроку [ID: 37] -> 4 lvl\n",
				"[15:48:15 | 11:04:2019 | Admin] Выдал [ID: 1] игроку [ID: 37] -> 4 lvl\n"
			]
		},
		"52": {
			"log": [
				"[14:59:41 | 12:04:2019 | Admin] Выдал [ID: 1] игроку [ID: 52] -> 5 lvl\n"
			]
		}
	},
	"giverate": {
		"1": {
			"log": [
				"[23:13:01 | 10:04:2019 | GiveRate] Выдал [ID: 1] игроку [ID: 2] -> Аправила: 10 rate\n",
				"[19:22:37 | 27:05:2019 | GiveRate] Выдал [ID: 1] игроку [ID: 2] -> 663 rate\n",
				"[19:30:28 | 27:05:2019 | GiveRate] Выдал [ID: 1] игроку [ID: 1] -> 666 rate\n",
				"[19:30:28 | 27:05:2019 | GiveRate] Выдал [ID: 1] игроку [ID: 1] -> 666 rate\n",
				"[19:30:45 | 27:05:2019 | GiveRate] Выдал [ID: 1] игроку [ID: 2] -> 777 rate\n"
			]
		},
		"2": {
			"log": [
				"[23:13:01 | 10:04:2019 | GiveRate] Выдал [ID: 1] игроку [ID: 2] -> Аправила: 10 rate\n",
				"[19:22:37 | 27:05:2019 | GiveRate] Выдал [ID: 1] игроку [ID: 2] -> 663 rate\n",
				"[19:30:45 | 27:05:2019 | GiveRate] Выдал [ID: 1] игроку [ID: 2] -> 777 rate\n"
			]
		},
		"10": {
			"log": [
				"[15:04:52 | 11:04:2019 | GiveRate] Выдал [ID: 10] игроку [ID: 10] -> 5838272615154927153 rate\n",
				"[15:04:52 | 11:04:2019 | GiveRate] Выдал [ID: 10] игроку [ID: 10] -> 5838272615154927153 rate\n"
			]
		}
	},
	"removerate": {
		"1": {
			"log": [
				"[19:23:40 | 27:05:2019 | RemoveRate] Забрал [ID: 1] у игрока [ID: 2] \n",
				"[19:30:08 | 27:05:2019 | RemoveRate] Забрал [ID: 1] у игрока [ID: 1] \n",
				"[19:30:08 | 27:05:2019 | RemoveRate] Забрал [ID: 1] у игрока [ID: 1] \n"
			]
		},
		"2": {
			"log": [
				"[19:23:40 | 27:05:2019 | RemoveRate] Забрал [ID: 1] у игрока [ID: 2] \n"
			]
		}
	},
	"game": {
		"8": {
			"log": [
				1,
				"[21:57:13 | 10:04:2019 | казино] Ставка: 465$ | Исход: ❌\n",
				"[21:58:22 | 10:04:2019 | рандом] Ставка: 23$ | Исход: ❌\n",
				"[21:58:37 | 10:04:2019 | рандом] Ставка: 57$ | Исход: ❌\n"
			]
		},
		"10": {
			"log": [
				1,
				"[18:07:43 | 10:04:2019 | акция] Ставка: 372625$ | Исход: ❌\n",
				"[18:08:04 | 10:04:2019 | акция] Ставка: 188300$ | Исход: ❌\n",
				"[18:09:12 | 10:04:2019 | акция] Ставка: 2539813$ | Исход: ❌\n"
			]
		},
		"14": {
			"log": [
				1,
				"[21:57:20 | 10:04:2019 | казино] Ставка: 1000$ | Исход: ❌\n",
				"[21:58:09 | 10:04:2019 | рандом] Ставка: 13$ | Исход: ❌\n",
				"[21:58:32 | 10:04:2019 | рандом] Ставка: 25$ | Исход: ❌\n",
				"[22:01:37 | 10:04:2019 | казино] Ставка: 250$ | Исход: ❌\n"
			]
		},
		"17": {
			"log": [
				"[19:14:11 | 10:04:2019 | акция] Ставка: 1000000$ | Исход: ❌\n",
				"[19:14:16 | 10:04:2019 | акция] Ставка: 1000000$ | Исход: ❌\n",
				"[19:14:19 | 10:04:2019 | акция] Ставка: 1000000$ | Исход: ❌\n",
				"[19:14:21 | 10:04:2019 | акция] Ставка: 1000000$ | Исход: ✅\n",
				"[19:14:23 | 10:04:2019 | акция] Ставка: 1000000$ | Исход: ❌\n",
				"[19:14:26 | 10:04:2019 | акция] Ставка: 1000000$ | Исход: ✅\n",
				"[19:14:28 | 10:04:2019 | акция] Ставка: 1000000$ | Исход: ✅\n",
				"[19:14:31 | 10:04:2019 | акция] Ставка: 1000000$ | Исход: ❌\n",
				"[19:14:48 | 10:04:2019 | акция] Ставка: 1000000$ | Исход: ❌\n",
				"[19:14:51 | 10:04:2019 | акция] Ставка: 1000000$ | Исход: ❌\n",
				"[19:14:53 | 10:04:2019 | акция] Ставка: 1000000$ | Исход: ✅\n",
				"[19:14:55 | 10:04:2019 | акция] Ставка: 1000000$ | Исход: ✅\n",
				"[19:14:57 | 10:04:2019 | акция] Ставка: 1000000$ | Исход: ❌\n",
				"[19:15:07 | 10:04:2019 | акция] Ставка: 10000000$ | Исход: ❌\n"
			]
		},
		"24": {
			"log": [
				1,
				"[20:29:24 | 10:04:2019 | акция] Ставка: 10000000$ | Исход: ✅\n",
				"[20:29:32 | 10:04:2019 | акция] Ставка: 10000000$ | Исход: ❌\n",
				"[20:29:38 | 10:04:2019 | акция] Ставка: 10000000$ | Исход: ✅\n",
				"[20:29:47 | 10:04:2019 | акция] Ставка: 10000000$ | Исход: ❌\n",
				"[20:29:53 | 10:04:2019 | акция] Ставка: 10000000$ | Исход: ❌\n",
				"[20:29:58 | 10:04:2019 | акция] Ставка: 10000000$ | Исход: ✅\n",
				"[20:30:16 | 10:04:2019 | акция] Ставка: 10000000$ | Исход: ❌\n",
				"[20:30:23 | 10:04:2019 | акция] Ставка: 10000000$ | Исход: ❌\n",
				"[20:30:28 | 10:04:2019 | акция] Ставка: 10000000$ | Исход: ❌\n",
				"[20:30:37 | 10:04:2019 | акция] Ставка: 50000000$ | Исход: ❌\n",
				"[20:30:49 | 10:04:2019 | акция] Ставка: 1000$ | Исход: ❌\n"
			]
		}
	}
}