{
	"111111111": {
		"id": 1
	},
	"216925940": {
		"id": 16
	},
	"219482975": {
		"id": 2
	},
	"232357251": {
		"id": 25
	},
	"304568456": {
		"id": 23
	},
	"317902496": {
		"id": 21
	},
	"336983521": {
		"id": 20
	},
	"408274250": {
		"id": 3
	},
	"420528091": {
		"id": 10
	},
	"432641398": {
		"id": 11
	},
	"449189681": {
		"id": 18
	},
	"466929198": {
		"id": 17
	},
	"470791359": {
		"id": 15
	},
	"478056197": {
		"id": 9
	},
	"478060593": {
		"id": 7
	},
	"492906189": {
		"id": 13
	},
	"516241361": {
		"id": 19
	},
	"518665607": {
		"id": 27
	},
	"522495110": {
		"id": 8
	},
	"532071495": {
		"id": 14
	},
	"533945173": {
		"id": 12
	},
	"541537745": {
		"id": 4
	},
	"541953341": {
		"id": 5
	},
	"544230472": {
		"id": 6
	},
	"-99038409": {
		"id": 22
	},
	"-168933920": {
		"id": 24
	},
	"-186105786": {
		"id": 26
	},
	"-185352385": {
		"id": 28
	}
}